name,rate,reviews
소울,4,너무 졸렸어요..기대가 컸나봐요 인사이드아웃이나 코코는 전달하고자 하는 바가 명확하고 여운이 오랫동안 남는데... 소울은 크게 와닫지 않아요.. 보통 디즈니나 픽사영화는 n차 관람을 하는데 소울은 보고 또 보고싶다는 생각이 안들어요
아무도 없는 곳,6,"긍정적일수가 없는, 감성적임을 강조하더라도 설명은 바로하자"
분노의 질주,2,스토리도 좀 별로고 자동차 액션도 크게 와닿지 않는다
간츠 - 퍼펙트 앤서,7,원작이 얼마나 훌륭한지 보고싶다...
프레셔스,10,진짜 천성이란게 있는듯.. 저런 환경에서 자라도 저렇게 올바를수가 있구나 프레셔스 멋있다 모든 프레셔스들이 이걸보고 희망적이었으면 좋겠음
미나리,2,내가 뭘 본거지.. 진심 실망했다...
디센트,10,동굴의 괴물들에게 들키지않으려고 발악하는 사람들.. 콰이어트플레이스는 이거였다
초인,10,일어서게 하는 영화네요
아수라,10,이정도로 까일 작품은 아님
더 파이브,2,사이다 몇박스 사가지고 봐야하는 영화.  고구마로 시작해 고구마로 끝남
자산어보,10,울림이 있는 영화!! 보시면 절대 후회하지 않습니다. 강추
해리 포터와 마법사의 돌,10,말해뭐해 해리포터 진짜..개쩐다 진짜 ㅇㅠㅏ 스넹프 미친
아수라도,1,"연기력, 스토리, 연출 전부 에로영화 수준."
내일의 기억,10,서예지가 다 망쳐놓은 영화..김강우가 살렸다...ㅜㅜ
킹덤,2,주인공이 죽기 바란적응 첨인듯..ㄷㄷ 고막킬러 킹받네ㅡㅡ
내일의 기억,10,재밌습니다 김강우 너무 멋지네요
내일의 기억,6,"그냥 평점에 좀 낚였어요. 김강우는 연기 잘했고요, 글쎄요"
썬더 포스,10,제 기준으론 재밌게 봤습니다~!좋아하는 배우 주연이기도 했고~!심심할때 보면 좋을듯 싶습니다.
스토어웨이,8,내가 마이클이라면 나한테 죽으라고 주사기 던저주는 순간 던진 놈한테 꽂아버린다.어차피 3명만 남으면 되는데 굳이 내가 왜...
미나리,7,미나리는 런닝타임 중 딱 두번 출연했다....!왜 영화 제목이 미나리인가??어디에 떨어트려놔도 살수 있다는걸 보여주는건가??
극장판 귀멸의 칼날: 무한열차편,10,말이 필요없다 내가 느낀 감동을 글자로 적어낼 수 없을만큼 재밌음
타임 머신,7,괜찮음 재밌는 편임. 엠마 사람이 순수한 느낌이 나네. 굉장히 맘에 듦 졸귀. 개봉했을때 보고 몇십 년만에 다시 봤는데 장면장면 놀랍도록 많이 기억나네. 인상에 남았었나봄. 다만 그때나 지금이나 헐리우드 영화는 백인 남자가 다른 어떤 사회에 떨어지더라도 심지어 80만년 후라도 그곳 사람들은 항상 영어 유창하게 잘하고 어떤 인종의 여자라도 꼬시며 그 사회의 어떤 어려움도 나서서 해결하는 영웅으로 그려지는 전형적인 자국중심주의 백인우월주의는 여전함. 이런건 거슬리는 부분이지만 잘 거를수 있다면 영화 자체는 괜찮은 편이고 평점은 8점에서 -1점 해서 7점.
더 록,10,이런영화가또나올려나
승리호,10,"모든 게 완벽함. 모든 주연이 연기를 잘하고, 유해진님 표정연기가 맘에 들었음"
서복,10,"솔직히 박보검 눈빛이랑 공유 목소리가 다한 영화다. 특히 마지막, 보검이가 공유한테 형은 괜찮아요? 부분이랑 서복의 골수 체취 단계에서 박사의 팔을  잡고 공유가 잠시만, 하는 목소리가 압권이다."
"조제, 호랑이 그리고 물고기들",10,띵작입니다 감동적이에요
구원,2,평점 왜이레;;;; 이게 영화냐 마지막엔 설경구 흉내도 내던데 어설픔
미션 파서블,10,액션이 볼만했고 코믹요소도 간간히 있어서 유쾌하게 봤네요
장희빈,10,very very good!
화양연화,7,
타락천사,10,
기사 윌리엄,10,큰 감동은 아니지만 지루할 틈 없는 재미의 연속과 개성 강하고 연기력이 수준급인 배우들의 합작품.. 가히 올해 본 최고.
중경삼림,10,
트루먼 쇼,10,볼때마다 생각하게 되는 명작중의 명작
소울,10,영화 보면서 울었습니다 ㅠㅠ 나만운거아니지?
두 남자,2,"페미들이 이거 보고 이렇게 말 하겠다"" 봤냐 남자는 이런 범죄자다. 여자는 불쌍한 피해자다."""
간츠,4,주인공들 정말 발암이다...
오살,10,오랜만에 보눈 띵작이네요
모탈 컴뱃,10,모탈컴벳 세계에대해서 공부하고 보면 더 재미가 있을듯 합니다.3시간짜리는 되어야할듯.. 너무 후딱끝났네요
서복,2,박보검 공유 존잘이다박보검 키우기 영화인 줄
유다 그리고 블랙 메시아,10,시대에 맞서는 각자의 자세
서복,5,식상하고 지루하고...
노매드랜드,5,"우울하고, 지루하다."
인터스텔라,10,벌써 이영화가 7년이나 지났네요...당시 정말보러가고싶었지만 그때 정말 바삐살았던지라 그냥 담에 찾아보지뭐..하고 넘기며 살다가 문득 시간이지나 생각나서 폰으로 보게됐네요 와 ..이거 영화관에서 봤었으면 전 눈물콧물질질짜면서 봤을거에요 작은화면으로도 충분한 감동과 형용할수없는 기분이 막 들어서 미치겠는데..커피마신것마냥 두근두근거려요.. 제개인적으론 지루한틈 없었고요 긴 시간동안 많은 내용을 넣으려고 한거가 이해된지라 상관없이 잘 봤습니다 그냥 저같이 그때 보지못하고 아직도 볼까말까 고민하시는분들 있으시다면 절 믿고 꼭 보세요 후회안합니다 많은생각들게 해주는 아주아주좋은 영화다운 영화에요
더 페이버릿: 여왕의 여자,10,와  와 !! 와 !!! ! 갈때까지 가는 영화 ... 진짜 나오는 모든이들이 갈 때까지 간다. 와 ...
미나리,3,왜 상받았는지 몰겟음. 걍 심심한 영화. 윤여정씨 딸로 나온분 연기가 더 좋았음
인 어 베러 월드,1,시간 아까운 정도고 다시보라고 하면 안볼거임
그린 북,10,"이제 보다니... 정말 근래 본 영화 중에 거의 완벽한 영화. 영화 보면서 이렇게 크게 웃은 것도 처음이고 뭐 하나 부족한게 없다. 연기, 자연스럽고 재치있는 연출과 스토리... 그중 으뜸은 비고 모텐슨... 아... 정말 매력적이고 멋진 배우~!!!아카데미 남우 주연상을 못 받은게 너무 아쉽다.진짜 마지막까지 유쾌하고 즐겁게 미소 띄우며 볼 수 있는 영화다!"
라야와 마지막 드래곤,10,"최근에 봤던 디즈니 영화중에 가장 잼있는것 같음. 액션도 디즈니애니 스럽지않게 날카롭고 과감해지고. 스토리도 지루할틈없이 계속 상황이 몰이치면서 졸린구간이 없었음, 노래도 없이, 흔해빠진 러브스토리도 없이,  오직 작품성을 높였음,케릭터들도 개성있고, 비주얼도 상당히 좋아졌고, 모험이 한가득, 눈을 즐겁게해줬음 정말 좋았던 작품, 개인적으로 소울보다 상당히 감명깊었음, 블루레이로 출시하면 꼭 구매하고싶은 디즈니작품, 주토피아 이후로 괸찮았던 작품"
서복,2,정말 진심으로 지루해요
미나리,7,혼자 심심할 때 보기 좋은 영화
서복,6,박보검 보려고 보는 영화. 진부하다 느껴졌음
살인의 추억,7,비에 젖은 사건으로 시작해 마른 황토빛 밭에서 끝난다.
스파이더맨: 파 프롬 홈,10,스파이더맨 화이팅 너무재밌어요 다음편빨리나왔으면 ㅠㅠ
미나리,7,"작고 소박한 드라마를 지향한 것으로, 그냥 저예산 독립 영화로서  잘된 작품 정도로 생각.. 이것이 그렇게  크게 평가될 만한 작품인가는 의문.  그리고 그 기독교적 배경이 많이 거슬림. 재미교포 사회에 대해 곱게 볼 수 없는 부분이기도 한데, 오죽했으면 영화 중에도 여기 시골에 온 사람들은 한인교회를 피해서 온 거란 대사가 나오잖아. 정이삭 감독이 앞으로 더 좋은 영화를 만들기를 바라지만 이런 류의 정신세계가 지배하는 배경 하에선 기대할 수 없는 거임."
22년 후의 고백,1,말이되냐 전개가  ...노잼
굿바이 싱글,8,부킹안해. 부킹안해 안해
기생충,9,부르주아에 대한 불편한 편견과 프롤레타리아에 대한 아이러니한 동정심 이 두개가 충돌하는 영화
잭 스나이더의 저스티스 리그,7,"조스웨던 판과는 전혀 다른 영화라 할만하고 훨씬 낫다. 슈퍼맨과 떨거지들이 아닌 진짜 하나의 팀을 본 느낌이다. 다만 외부 사정을 제외하고 작품 자체만 놓고 보더라도, 시리즈의 미래를 기약할 수 있을 정도로 잘 만든 영화인지는 여전히 모르겠다."
워 위드 그랜파,5,"드니로와 페글리가 열심히 노렸했지만, 연출력이 받쳐주지 못했다."
덕혜옹주,10,왜 난 이영화를 이제야봤을까...부끄럽습니다 대한 독립 만세 대한민국
극장판 귀멸의 칼날: 무한열차편,10,꼭 보세요 모든게 완벽합니다 ㅠㅠ완벽한 연출!
미나리,7,10점 만점중에 7점정도? 그냥 잔잔한 스토리...전 할머니가 두분 계셧는데... 어릴적 생각이 많이 나네요.화투도 배우고 집에 늦게 들어오는 날이면 온 동네 저 이름 부르고 다니던 할머니가 생각 납니다. ㅎ
바닷마을 다이어리,8,사랑이라는 재료. 가족이란 음식. 삶과 죽음이라는 소스.
김광석,10,제발 진실이 밝혀지고 심판받는 날이 하루 빨리 오기를 기원합니다.
낙원의 밤,1,"이렇게까지 재미없고 지루하고 빈틈 많고 전달하려는 메시지는 없는 그런 영화도 참 오랜만이네요.엄태구 배우 목소리가 참 매력있다 생각했는데 잠깐 잠깐 극을 살리는 요소일때에만 그런가봐요.극 전반으로 오래 들으니 전달력도 굉장히 떨어지고 무슨 감정인지도 모르겠고..전여빈 배우, 요즘 빈센조에서 오바스런 연기를 자연스럽게 잘해서 좋게 보고 있었는데 여기선 자연스러울 연기를 오바스럽게 해서 보기 불편했어요."
노바디,10,완전 사이다 액션영화네요~통쾌하고 재밌어요!!
미나리,9,심심하다는 이야기듣고 봤는데 저는 참 감동적이고 연출.연기.작품성.영상.음악까지 다 좋았다고 생각합니다. 독립영화에 이 정도 수준이면 대단하네요.전 한예리씨 연기 넘 맘에 들었어요.
노바디,6,"<존윅>도 둔했지만, 이건 노골적 중년의 총질 회춘. 게다가 '노바디' 허치의 아버지는 권총 들기도 버거워보이는 <백투더퓨처> 박사 출신 노배우(무거운 샷건 들겠다고 굳이 우겼다고). 그냥 서있기도 힘들어 보여서 총 맞기보다는 어디 걸려 넘어지지나 않을까 조마조마. 이 영화는 그러니까 아무도nobody 아닌 중년남성들 대놓고 기 살려주기다. 총질과 X(성기)질이, 악당 일망타진과 오르가즘이 매한가지. 중년이 가족을 지키기 위해 악을 직접 처단하는 닳고 닳은 스토리의 무한변주. 이런 클리셰에 비하면 <낙원의 밤>의 클리셰가 낫다. 노바디 연기를 위해 2년을 트레이닝한 밥 오든커크 연기는 돋는다."
내겐 너무 어려운 연애,10,난 빵빵 터졌다.
빅쇼트,10,가진 사람은 배제되고 힘없는 사람들 사이에서 굴러가는 시한폭탄
컨테이젼,10,우한짱깨폐렴 적중 대박====
불어라 검풍아,8,이 정도면 정말 훌륭한거 아닌가?
내일의 기억,10,올해 최고의 영화입니다!!
내일의 기억,10,연기도 잘하고 재밌었어요
낙원의 밤,10,킬링 타임 영화에 뭔 개연성을 따지고 앉았어? 재미만 있구만... 영웅본색 좋아하던 남자들은 재밌게 볼 수 있음
내일의 기억,4,스릴러치곤 너무 진부했어요
내일의 기억,1,뭐라 쓸 말도 없다. 열글자나 채우라니
내일의 기억,2,
내일의 기억,2,진짜...영화 좀 잘 만들자.서예지고 뭐고 영화 왜 이리 후지냐.진짜.
트루먼 쇼,8,"처음 봤을 때 충격이 엄청났던 영화. 이제는 관음을 매개로 한 관찰프로들이 유행하는 시대라 그런지, 요즘 세대들이 보면 감동이 덜 할수도 있겠다. 가상세계를 탈출한 트루먼은 그 뒤로 행복했을까?"
서복,8,결말까지도 같았던 서복이란 존재의 평행 이론
반지의 제왕: 반지 원정대,10,내생에 최고의 영화..
명탐정 코난: 비색의 탄환,10,빨리  구매 하고 싶어요!!
도플갱어,7,
미나리,10,기생충이나 미나리나 감동이다이걸보고 아무것도 못느꼇다면 재대로 집중안한거다.해줄말은 이것뿐이다.내용을보지말고 전하려는 의도를 봐라 진짜 대단한영화라는걸안다 작품상 진짜아쉽다
낙원의 밤,10,볼 만합니다. 블루톤의 감성
서복,10,후반부부터 계속 울었다 나는^^ 삶(죽음)에 대해 깊이 생각해보게 만드는 영화다.
극장판 귀멸의 칼날: 무한열차편,10,눈물 콧물 질질 짰다ㅠㅠㅠㅠ
로망,10,오랜만에 울정도로 감동적이네요
더 파더,10,"우리 부모님이라면... 내가 치매환자라면 또는 돌봄가족이라면... 눈물이 펑펑 나기도 하도 생각할 거리도 많고... 많은 사람이 보면 좋겠다. 어쩔도리 없는 괴로운 상황에서 할 수 있는 일은 ""화창한 날은 짧으니"" 할 수 있을때 사랑하는 사람과 산책을 하는 것"
"아이, 토냐",10,마고로비 촌스러운듯 아름답고 고급진배우
내일의 기억,9,"진짜 기대이상,, 스토리도 반전있고 김강우배우님 나오는 영화처음봤는데 왜 이제봤지 싶은,, 잘봤습니다ㅠㅠ"
어느날,8,결말이 맘에 안드네요계속 잼나게 보다가 실망
극장판 귀멸의 칼날: 무한열차편,10,
내일의 기억,10,이거 보고 울었어요 너무 재밌고 감동적이에요
내일의 기억,10,개재밌고 개무서움ㄷㄷ
극장판 귀멸의 칼날: 무한열차편,10,"만화책 보러 갑니다,,, 이렇게 입덕하는구나"
미나리,9,"미나리처럼 미국이란 타지에 뿌리내리기 위해 고군분투하는 가족의 모습. California든 Arkansas든 어느 땅에 뿌리를 내리든 진심으로 서로를 도와가며 살아갈 수 있는 환경이 제일 좋은 곳이 아닐까. 제이콥이 ""할머니께서 자리를 참 잘 고르셨다""라고 하는 것 처럼."
내일의 기억,1,서예지 배우 이미지가 영화 스토리 집중에 방해가됨.
내일의 기억,6,이거 보면 딱딱해지나요?
내일의 기억,9,간만에 재밌다. 배우들 연기력도 훌륭하고. 기대한것보다 훨씬 재밌었다.
내일의 기억,1,딱딱한 연기와 딱딱한 연출 등 딱딱한 영화
먼 훗날 우리,9,"가을날의 동화, 첨밀밀 이후에 시대적 감성과 멜로를 절묘하게 연결시키는 중국영화를 본 기억이 없다. 머훗날우리는 중국의 현재와 그들의 멜로를 절묘하게 연결시킨 그 계보를 잇는 듯한 영화. 물론 오직 주동우이기에 가능한 진정성을 담은 로맨스"
스파이의 아내,10,취향이 아니라 자주 패스했던 감독인데 어느새 거장이 됐네
쓰리 빌보드,10,
소년시절의 너,7,"영화적 전개는 후반에 미숙한 면들이 드러나지만, 주동우는 그 가운데서도 끝까지 자신의 감정을 끌어가며 영화를 이끌어간다. 산사나무아래가 주동우라는 장르의 탄생이라면, 먼훗날우리는 그 장르에 몰입하게 하고, 소년시절의너는 그 장르의 매니아게 되게 만든다."
오늘부터 히어로,10,너무너무너무너무너무너무너무너무너무너무재미잇었어요ㅠㅠ
낙원의 밤,10,재미있는데 평점이 별로네....
조작된 도시,10,재미있어요. 후반부 통쾌합니다.
서복,4,개연성이 좀 떨어진다는 느낌..여기서? 저렇게 반응한다고? 굳이? 이걸 이기는데 저걸 못이기나 그런 디테일한 부분이 미흡해서 보다가 껐어요...
초록물고기,7,
녀녀녀,1,0점 만드세요  시급합니다
레 미제라블,10,강렬하게 자리잡힌 의구심이 쉽게 잊혀지지 않는다. 우리는 왜 분노하지 않는가세상이 평화로운것은 분노해야 할 이들이 분노하지 않기 때문이다.
내일의 기억,2,당한사람이 문제지 한 사람이 문제인가?ㅋㅋㅋㅋ
내일의 기억,10,김강우 눈빛과 표정연기가 좋았습니다. 서예지 이슈가 아니었다면 더 흥했을텐데.. 아쉽네요.
미나리,1,별 반개 찍어주로 들오왔음 쓰렉영화
인생,10,
내일의 기억,1,반전 이라고 하더니 너무 뻔한 스토리댓글하고 평점 에 속았네요
미션 파서블,8,김영광 너무 웃김 ㅋㅋㅋ 귀여움 ㅋㅋㅋ재밌어요 볼만한데 ㅋㅋㅋ 웃기고 ㅋㅋㅋ좋아요!!
내일의 기억,1,보지 마셈. 시간 낭비임. 돈도 아까움
낙원의 밤,6,장르가 약간 이것도 저것도 아닌 느낌을 받음. ㅠ주인공이 왜 회장을 죽이게 된건지 부연설명도 부족했고 . 개연성도 떨어짐.. 상황에 맞지않는 대화나 ㅜ 예를들어 남자주인공 마지막에 넘 쥐어터져서 다 죽어가게 생긴 판에 조폭들 있는 한가운데서 넌 내가 괜찮아보이냐.. 안괜찮은데 왜 괜찮냐고 질문하냐는 둥.. 공감 안가는 대화 부분이 많았음.ㅠ
서복,9,"일단 믿고 보는 공유, 박보검이기에 망설임없이 봐야된다고 생각하고 영화를 관람함. 생각보다 잔잔한 스토리였지만 오히려 그 부분이 더욱 마음에 드는 영화.서복역은 박보검만이 소화 해낼수 있지 않았을까라는 생각이 듬. 자신이 주어진 실험체로써의 가치에 대해 담담하게 말하는 장면이 너무나도 슬펐음....영화가 후반부터 끝날때까지 그리고 끝나서 까지도 인간의 죽음과 살아있음에 대해 많은 생각을 하게 되는 영화."
낙원의 밤,2,신세계나 빨리찍지 이상한거 찍고 자빠졋네개노잼
섀도우 클라우드,1,보는도중 코믹인줄ㅋㅋㅋ 역대최고3류영화
미나리,10,오랜만에 가슴이 찡하고 여운이 남는 영화입니다. 감정을 폭발시키기보다 눌러담은 듯한 잔잔함과 담백하지만 마음을 툭툭 한번씩 건드려주는 대사들이  너무 좋았습니다. 미나리 엔딩도 슬며시 미소가 지어지네요.
내일의 기억,1,고치라고 했다고 고친 사람이 더 문제라는 정신나간 어느 인간이 만들었다는 그 문제작인가요?
서복,10,공유 박보검 나와서 보는 내내 눈이 즐거웠다 연기가 두분 다 훌륭해서 스토리와 감동 받았습니다 재밌게 잘 봤어요^^
서복,1,정말 기대했는데..
어벤져스: 엔드게임,10,이게 벌써 2년전이네요..
어벤져스: 엔드게임,10,이게 벌써 2년전이네요..
서복,1,작가님이 재밌게 본 영화가 많으신가 이것저것 짬뽕해놓으셨네요. ㅋ ㅋ 속으로 무슨 대사 나올지 미리 맞출 수 있을 정도의 진부함. . 스토리는 산으로 가고 박보검은 초능력자던데 그냥
해어화,8,가볍게 보기시작했는데 몰입했습니다. 여운이 많이 남습니다
더 파더,10,안소니 홉킨스의 남우주연상은 엔딩 부분 그의 연기만으로 합당하다. 감히 올해 봤던 영화중에 가장 훌륭한 영화라 말할 수 있다.
내일의 기억,10,잘 봤습니다 너무 좋았어요
화양연화,10,"가장 아름다운 사랑으로 기억에 남을 수 있었던건, 어쩌면 나무에 비밀이란 이름으로 추억을 남길 수 있었기 때문일지 모른다"
내일의 기억,10,넘  끝이 슬프다.저런 오빠가 있을까?
자산어보,10,"흑백영화라고 얘기하지 않는다면 흑백영화라 인식을 하지 못할 것입니다. 그만큼 개연성, 카메라 구도, 장면 하나하나 세세한 연출, 픽션을 그때 당시 인물을 실제로 보는 듯한 흡입력 좋은 연기...최근 봤던 영화 중 으뜸인 영화이었습니다."
서복,4,드라마로 가려면 가던가 액션으로 가려면 가던가드라마에 갑자기 sf액션 그리고 박보검인가 연 존나게 못함공유가 다함
잭 라이언 : 코드네임 쉐도우,7,"탁월한 능력의 소유자인 CIA요원이 정체를 숨기고 월가의 임원으로 살아 가던 중 전세계 경제를 붕괴 시킬 테러의 음모를 알아 차리면서 벌어지는 이야기를 그린 액션, 드라마, 스릴러영화다. 주인공은 CIA 분석전문가, 테러공격으로 미국경제를 붕괴 시켜 전세계 경제를 마비시키려는 러시아의 음모를 밝혀내는 과정을 스릴감 넘치게 보여준다. 이영화의 각본은 누가 언제 어디서 무엇을 어떻게 왜라는 소위 6하 원칙의 정석을 보여주는 모범적인 스토리다. 그렇게 각본이 짜여진 배경에는 밀리터리 소설가로 유명한 톰 클랜시의 잭 라이언을 차용했기 때문이다. 다시말해 캐릭터를 빌려와서 첩보액션 스릴러에 맞게 아담 코자드와 데이빗 코엡등이 공동작업으로 만들었다. 그렇기에 이영화는톰 클랜시의 잭 라이언 시리즈를 원작으로 각색한 영화는 아니다. 잭 라이언이 영화제목에 붙어 있는지 처음에 의아했지만 톰 클랜시가 캐릭터를 써도록 허락해 주고 영화의 공동각본에 이름을 올린 것이 아닌가 싶다. 그래서 이영화는 톰 클랜시의 잭 라이언의 그림자를 완전히 걷어 내고 새로운 캐릭터를 창조해 내기엔 워낙 원작의 캐릭터가 강하게 박혀 있어 상당히 어려웠을 것이다. 톰 크랜시는 1990년 존 맥티어난감독, 숀 코네리, 알렉 볼드윈주연의 '붉은 10월'을 쓴 장본인이다. 이후 잭 라이언시리즈를 비롯해 많은 밀리터리소설과 첩보영화의 각본을 쓴 인물로 아마도 이분의 글을 읽거나 영화를 보고 밀덕한 세대도 많을 것이다. 잭 라이언이란 톰 클랜시에겐 상당히 중요한 캐릭터다. 아마도 내가 생각하기엔 크리스 파인의 잭 라이언이 그가 생각하는 잭 라이언은 아니었을 것으로 추측된다. 액션이나 연기가 너무나 평범하고 CIA요원이라기 보다 두뇌 좋은 사무요원에 더 가까운 캐릭터이기 때문이다. 첩보액션영화나 본드영화의 캐릭터라면 당연히 톰 클랜시가 선호할 법한 해리슨 포드, 알렉 볼드윈, 로저 무어, 숀 코너리, 톰 하디등과 같이 선이 굵직한 캐릭터가 적합한데 크리스 파인은 조금 약한 캐릭터가 아닌가 싶다. 캐빈 코스터나"
낙원의 밤,10,승원이형 ㅋㅋㅋㅋ때문에 많이 웃음
러브 & 드럭스,10,감동~   설렘도 감동도 주루룩...
브리짓 존스의 일기,8,
내일의 기억,10,공/사는  구분할줄  ...쫄깃쫄깃  내용은  굿이였다..간만에   몸에 전율이 감돌았음..공포보다 더 쪼는맛...
승리호,5,할리우드가 아니고 제작비가 적은 걸 감안해도 유치하고 어설픈건 어쩔 수가 없다 중간중간 그냥 스킵하고 싶었지만 한국인이라 의리고 꾹 참고 겨우 다 봤다 외국영화였다면 시간낭비했다고 욕날렸을 것이다
미나리,6,하인한테 수당을 줬더니 다른 하인은 앞으로 수당을 못받게 깽판을 쳤네 지만 잘난줄 아는 세상
서복,8,박보검 공유 없었으면 망한영화
"조제, 호랑이 그리고 물고기들",10,OST 떡칠 없고 감동 있고 재미있었던 진짜 좋은 애니메이션.
워크 투 리멤버,10,클리셰를 예쁘게 잘 조합하면 클래식이 나온다는.. 매혹적인 소년소녀들의 슬픈 운명.바람과 같은 어떤 것..
노매드랜드,8,"개인적이고도 인간적인 영화. 슬픈 장면은 없었지만 슬펐고, 눈물이 나올 것만 같았지만 나오지 않았다. 프란시스 맥도먼드에 제대로 반했다. 노매드 그 자체였다."
타오르는 여인의 초상,9,"화려하지 않지만, 섬세하고 아름다운 한폭의 회화를 품었다. 기대이상으로 짙은 여운이 남는다."
에미,10,예전에 봤던 영화인데 그때 인상깊게 본 영화라 가끔씩 생각나곤 했는데 윤여정님의 오스카상 수상을 계기로 다시 생각나네요. 예전에는 이렇게 평점주는 시스템이 없어서 못했는데 이번 기회에 만점을 드립니다. 추천하고 싶은 영화입니다.
사도,8,어릴때 본 영조는 군주로서는 훌륭할지 모르지만 아버지로서는 아동학대범에 지나지 않다고 생각했다. 하지만 역사를 깊이 배우면서 생각을 달리하게 됐다. 손자를 비롯한 여러 목숨을 살리기 위해 사도를 정신병으로 몰아 죽일 수 밖에 없었을 그의 고충. 역모로 그가 죽으면 손자인 정조를 비롯해 삼대를 멸해야 하니 그 선택이 최선이 아니었을까.  지금에 와서 보면 한낱 정치꾼에 불과한 노론의 장난질에 희생된 것이지만.
극장판 귀멸의 칼날: 무한열차편,10,남녀노소에게 재미와 동시에 감동을 줄수 있는  OO라시이 혈투의 로망.
극장판 귀멸의 칼날: 무한열차편,10,정말 너무너무 잼있게  본거 같아요 2기 언제쯤 나올까요?? ㅠㅠ
치즈인더트랩,10,난 재밌어서 잘 봣는데 내가 치인트 웹툰이랑 드라마를 안 봐서 그런가...
트와일라잇,10,
미션 파서블,1,김영광은 앞으로 로맨스만 해라... 로맨스가 찰떡... 코미디는 아니야ㅠㅠ
범털,10,가벼운 마음으로 한번쯤 보시길ㅎㅎ
콜,10,"정말 재밋게 봤습니다. 몰입력 , 연기력, 소재의신선도 모든게 완벽한데 평점이 낮은게 이해가 안되네요"
고질라 VS. 콩,7,집에서 봤는데 집중안되서 죽을뻔... 영화관에서 봤으면 재밌게 봤을것
내일의 기억,9,기대 안하고 봤는데.. 배우들 연기도 괜찮았고..마지막에 살짝 슬픈느낌이 드네요~ 코가 찡했음..
사탄의 베이비 시터: 킬러 퀸,10,"예쁜 여자들, 유혈이 낭자, 급발진하는 개연성, 엉뚱한 감동코드 이게 B급 감성이지 ㅋㅋㅋ"
미나리,6,미나리. 산다는 게 무엇일까. 그래도 미나리처럼 살아봐야하지 않을까. 영화제목하나는 잘 지었네https://blog.naver.com/happymoon315/222322661435
에반 올마이티,10,OCN편성표에 뜰 때 시간 맞춰서 보는 작품ㅜㅜ
노매드랜드,10,"인생은 하나의 긴 여행이다. 어떤 이는 길 위에 있고 또 어떤 이는 지OO래 있지만 결국은 죽음으로 가는 과정에 있다. 그 여정 속에서 길 위를 방랑하기도 하고, 다시 집으로 돌아가 뿌리를 내리기도 하며, 자신만의 꿈을 좇아 떠나기도 한다. 우리는 그렇게 살아가고 인생의 다음 단계를 향해 나아가고 있다."
차인표,8,차인표를 모르는 사람들은 그냥 좀...짜져라 ㅋㅋ 왕초 정말 재밌게 봤었는데...짧은 에피소드를 통해 차인표라는 케릭터를 가볍게 볼 수있게 만들었다. 이런 도전 좋은것 같아요 ㅎㅎ
투스카니의 태양,10,돌싱녀 휑한 마음 치유 영화!!!
미나리,8,"할머니는 늘 옳았다  옳게 도와주고 계셨다.  내가 손자의 병을 대신 옮겨와서 구하고, 미나리를 심어 물없이도 손안가도 잘자라는 한국채소를 점지해주셨고, 부부가 갈라서려 하자 더 큰 화를 일으켜 둘이 화합하게 만드셨다. 할머니가 알고 한 것은 아닐지나, 대자연에서는 그렇게 늘 옳게 이롭게 이끌어주고 계셨다  할머니를 통해.    할머니가 트러블메이커가 아니라 사실은 클리너셨던 것. 미나리의 상징은 정화다   과연 우리에게 화가 닥치는 것이 과연 화일까? 오히려 또다른 더큰 일생의 문제를 해결코자 함이 아니었을까  단지 우리의 안목이 그것을 안좋은 눈으로 밖에 볼수 없었던 시기가 있었을 뿐"
내일의 기억,1,1점도 아까움. 시간 낭비
감출 수 없는 본능-몰카,1,불법촬영이 뭔자랑이라고 영화까지 만들어 범죄자인증하는꼴아닌가
내일의 기억,8,김강우 때문에 자동차 극장에서 봣는데시작 10분후 들어가서 좀 아쉽긴 했지만 나륾 반전반전 완전 스릴러 잼나게 잘 봤어요남주 연기 굿굿
더 파더,9,안소니홉킨스의 엄청난 연기력겸허히 감상했습니다.
내일의 기억,2,그저 그런 영화 괜히 봤다
명탐정 코난: 비색의 탄환,10,코난은 위험에 처하고 탈출하기 위한 노력부터 재미가 시작된다
잭 스나이더의 저스티스 리그,10,천차만별이군요..개개인의 능력은..뛰어난 한 사람만 있으면.. 그 사람이 나머지 다를 먹여 살린다는 말이 과장이 아닌듯 합니다.저스티스리그가 아닌.. 잭 스나이더의 저스티스 리그를 권합니다.
벤자민 버튼의 시간은 거꾸로 간다,10,이 영화를 이제야 보다니....너무 감동적이고 여운이 오래 남네요. 벤자민의 마지막 모습이 아련합니다..ㅡㅡ;;
죽여주는 여자,10,윤여정 배우님의 오스카 수상을 계기로 예전 작품을 보던중 우연히 보게 되었다.나이 마흔을 갓 넘긴 내가 너무도 참담하고 애잔하고 쓸쓸하고 눈물이 났다.대부분 젊은이들은 나는 저렇게 늙지 않을테야 하겠지만..왜 이렇게 가슴이 찡해질까.마지막 소영의 선택에서 하지마하지마를 외쳤는데ㅜㅜ 평생 혼자서 벌어먹고 살아야했던 소영이 너무 가엽다.
뷰티풀 크리처스,10,굿굿 재밋당~~ 판타지굿~
내일의 기억,10,스토리 진짜 최고입니다! 배우들 연기도 너무 좋았습니다!
낙원의 밤,10,조폭장르를즐게보지않는데엄태구차승원얼굴이너무매력적이고전여빈의말간얼굴도너무좋았다.이미죽음이예정되어있음을아는두남녀가자신의죽음으로스스로걸어들어가는아름다운영화이다
스타 이즈 본,8,이걸 이제야 봤네.. 러닝타임이 긴만큼 중간중간 조금 루즈한 부분도 있었지만 결국 마지막 장면에서 소름이 돋아버렸다 그나저나 브래들리 쿠퍼 심하게 멋있네 남자가 봐도 반하겠어
지금 만나러 갑니다,10,"평생 단 한 사람만 사랑하는 ""별난"" 사람들이 있다. 그들의 인생다큐드라마. 죽음보다 강한.."
서복,10,"영화가 끝나고 나서 여운이 많이 남았던 영화,, 대사가 조금 반복되면서 비슷한 느낌이 많았지만 좋은 말들 많았고 CG(?)장면들도 과하지 않고 오히려 다시 보고싶은 장면이 많아요 좋아요"
콩가네,1,"콩까지마.,...2"
미나리,1,"그냥 재미 드럽게 없음, 인간이 만들어 낸 가장 개거품 장르가 예술장르. 그야말로 그들만의 리그"
검객,7,액션이 너무 뻔함... 과하기만 하고.. . 무조건적 긴장감만이 우선이 아님..
세트플레이,4,재미 진짜 없음. 제목만 좋음.
괴물들,1,너무 한심한 영화라 평점보러옴 걍 감독이 한심함
서복,4,"옛스러운 연출과 각본, 옛스러운 공유의 연기"
원더풀 라이프,6,너무 싱거워서 무료하다.
앙상블,3,김승수아찌 이젠 아무 영화에 다 나오네요. 아쉽
서복,1,"스토리, 연출만보면 평점 3~4점대가 적당배우 이미지 때문에 좋게 줘서 6점이 최대"
서복,10,두 배우 보고 봤는데 영상도 좋고 여운도 남게 만드는 영화다.. 서복 역은 박보검 아니면 소화가 가능할까? 싶은 느낌
자유의 언덕,6,상수형만큼 로맨스와 거리가 먼 사람도 드물 것.비판 아님.
자산어보,10,여운이 한동안 길어질 듯한..흑백임에도 풍부한 영상미가 압권이네요
아일라,10,꼭 봐야하는 영화.. 터키에 가면 형제국가라며 반겨주고 좋아해주던 터키인들이 생각난다. 그립다
쥬라기 공원,10,"티랙스, 다음에는 많이 이겨보자"
지푸라기라도 잡고 싶은 짐승들,2,이런 배우들 가져다놓고 재능낭비를 하다니.. 기억남는건 루이비통 가방뿐..
하루,2,그냥 시간소재 여러 반전영화 짜집기해서 식상한 영화가된것같내요 좀다른방향으로 갔으면 좋았을듯 지루하게 봤습니다
낙원의 밤,1,감독이 나이 먹고 중이병 다시 걸린듯한 유치뽕짝한 영화... 여주 나올때마다 분위기 너무 깸 시간 아까워요 보지마세용
내일의 기억,10,예지예뻐요퓨ㅠㅠㅠㅠ
범털,2,"이게 15세 라고,, ? 가족들이랑 절대 같이 보지 마세요 민망해 죽을뻔 ;;;"
국제시장,6,2편은 국내시장으로 하자~
복수혈전,10,
서복,9,"공유,박보검,조우진보러 갔음. 근데, 스토리랑 ost가 괜찮네^^ 아주 조금 장면 장면 이어짐이 매끄럽지 못하고 뭔가 약간 어색 이상한 대사들... 쬐끔 아쉬움.그것만 아니면 대작이었을듯. 배우보러 갔다가 삶과 죽음에 대해 많이 생각하게 되는 영화"
미나리,10,처음으로 이런 평점을 남겨보네요. 아마도 한국 사람들에게는 어색하고 뭔가 심심하고 결말에 대한 아쉬운 부분이 있을수도 있지 않을까 생각했는데.. 영화 시작 부터 끝까지 저에게는 계속해서 잔잔한 감동이 더해졌고 감독님의 엔딩에 어떤 의미를 두었을까 생각 하게 되었고 결론은 그 이후의 이야기들은 영화를 본 관객의 선택이 아닌가 하는 생각이 들었다 정해진 결말이 아니라 각자가 생각할 수 있는 결말이 다르다고 생각 했다. 저는 너무 좋았어요 ~ 연출 연기 스토리 영상미 ost 모든게 잘 어울러진 최고의 영화라고 생각합니다.
간신,8,성의껏 잘 만든 영화같다.
내일의 기억,9,반전에 반전을 보인 영화 여자분들이 좋아할만한 영화입니다.서예지씨도 연기좋았고 서예지씨 개인적인 문제는 문제고 스토리도 쾐찬았어요
패밀리,10,다들 재미없다고해ㅛ지만 ㅠㅠ전 재밋게보앗네요
서복,2,"무미건조한 장르적 재미, 애매모호한 철학적 의미"
승리호,5,무난한 탑승감의 보급형 가오갤호
미션 파서블,1,단연컨데 밖에나가서 하늘쳐다보는게 더 재밌음
차이나타운,10,최고의영화같은영화
잭 스나이더의 저스티스 리그,2,원더우먼 갤가돗은 강한척하는 남자같아서 집중이 안된다. 여성스러움이 원더우먼의 트레이드 마크인데 역시 원더우먼은 원조 린다카터
내일의 기억,2,"딱 그배우에 그 감독이라니,  인터뷰 하는꼴보니 세트로들 똑같구만"
한여름 밤의 꿈,5,계속보기힘들게 오글거리는 대사 별 재미도크게없음 미셸파이퍼 예뻐 참고 봄
러브 앤 몬스터스,7,스토리 보다 영상미와 강아지 보이때문에.. 후속작이 나오면 좋겠다는 생각
고질라 VS. 콩,8,만화 같은 내용이지만 영상미 볼거리만으로 충분히 볼만하다
내일의 기억,10,너무 재밌게 봤어요 !! 꼭 보세여
자산어보,9,"믿음이 죄가 되는 세상에서,앎이 고통이 되는 시대에,자신의 믿음과 앎으로 살아갔던 사람들의 이야기는 흑산도의 풍경만큼 아름답고 슬펐다."
낙원의 밤,10,배우들 연기가 하나같이 좋았음
러브 어페어,10,인생영화 놀랍도록 섬세한 연기 억지 눈물이 아닌 감성 마음속 깊은곳을 자극하는 아련함... 너무 좋은영화입니다.
프레스티지,10,
고령화 가족,8,고레에다히로카즈 감독의 '좀도둑 가족' 보다 먼저 만들어진 콩가루 집안 이야기.. 진부한 스토리지만 배우들의 좋은 연기와 감독의 매끄러운 연출은 칭찬 받아 마땅!
심봤다,8,보면서 좀 많이 답답하지만 영화자체는 볼만하다
공수도,7,대부분 생소한 배우들임에도 매력적인 연기를 보여준다
삼국대협,8,괜찮은 무협물.  시대가 많이 지나 지금 보면 어설픈것도 있지만 저시절 저정도면 볼만한 수준
부탁 하나만 들어줘,7,블레이크 라이블리가 죽은 게 아니라 자기 쌍둥이 언니 죽이고 범죄 숨길려고 자기가 죽은 것처럼 한거.
내일의 기억,1,방송이나 스크린에 나오면 안되는 사람이 나온 데다가 그 사람을 두둔하는 감독까지 있어서 최악임.그냥 망하길. 알바 겁나 써서 평점 올려놓은 게 잘 보임
자산어보,10,인생에서 손꼽을 명작이다...
사랑과 죽음의 메아리,8,다시는 일어나지 말아야할 비극
노매드랜드,10,고도로 도시화 된 현대사회를 살아가면서 오히려 유목인의 삶을 택한 사람들. 모든 것을 잃었지만 오히려 대자연 속에 자유를 얻은 주인공 ‘펀’의 모습을 보며 얻는 큰 위로. 상실 뒤에 또다른 얻음이 있다는 가르침을 배운다.
승리호,7,승리호는 돈이 없던 사람들이었지만 돈이 많이 든 영화 답게 영상미는 눈이 즐거워서 스토리의 부족함을 조금 커버 해주지 않았나 싶다
실미도,1,꼬꼬무 그알 보고옴 유가족외 관계자들이 영화얘기에  치를 떨던데.. 가난한 일반인들을 다 범죄자로 둔갑시켜서 역사왜곡하고 줄거리에 뻔뻔하게 ‘... 울부짖으며 죽어간 서른 한 명 훈련병들의 영혼 앞에 이 영화를 바칩니다’라니.. 개뻔뻔하네_ 날 쏘고가라 그것또한 왜곡이고.. 상업영화인건 알겟는데 이런 가슴아픈 역사는 좀 왜곡하지말고 다른부분 각색하고 억울한부분 제대로 전달해줬어야지.. 쓸대없는 신파만 주구장창 넣을게 아니라. 아니면 첨부터 실화네 어쩌네 하면서 31명의 영혼을 위로한다고 홍보에 이용하질 말던지 양심이 있냐
스토어웨이,5,"""마무리""가 이렇게나 중요하다. 영화를 보는 내내 장점이었던 모든 요소들이 엔딩을 뭉텅이로 잘라먹는순간 전부 단점으로 바뀐다. 삶에 대해 뭔가 진지하게 질문을 하고 싶었다면, 최소한 그 질문을 완성이라도 해야 했다."
자산어보,10,처음엔 흑백인줄 몰랐다가 적응되기 시작하니까 배경이 되는 모든 풍경이  멋진 그림같더라구요. 두 배우 연기 그리고 조연들까지도  멋졌어요. 기대 안하고 봤다가 너무 재밌게 봤습니다. 추천해요. 그리고 컬러로도 또 한번 보고 싶은 마음이에요. 영상미가 멋졌어요. 제 상상속에서는 이미 컬러화된 배경이에요
아웃포스트,8,전쟁통 한복판 속에 와있는 듯한 착각을 하게 될 것이다.
범털,10,B급영화는 엉성한맛에 보는겁니다 재밌게 봤습니다
미나리,1,보고 있으면 떡실신하는 수면유도영화. 그냥 잠이 온다. 자 이제 천천히 눈을 감고 깊은 숙면에 들어갑니다..
스프링 송,7,유준상의 열정에는 감동하지만 내 남편이 이 영화를 만들었다면 가슴 답답할 듯...
나소흑전기: 첫만남편,10,아니 뭔 그림체 평면적이라고 작화 구리다는 애들은 그림 그려보기나 한 얘기임?그알못들 아가리 꼭 그림체로 태클거는 애들 보면 그림 수준 땅바닥 기어다니게 못그리드만 ㅋㅋㅋ 니들 입맛에 맞는게 있고 아닌게 있는건데 중국인 알바로 몰아가네 수준들하고는 ㅉㅉ
자산어보,10,"임금도 양반도 없는 나라, 1800년대 이미 진보한 사상가였던 정약전 선생을 정말 잘 조명한 걸작 입니다!"
엑스맨: 아포칼립스,7,메인빌런의 매력이 확실히 떨어짐. 영화 내내 전지전능한듯이 묘사된 거에 비해 조금 허무하게 가버림. 화려한 스케일이나 조화로운 팀워크 같은 건 좋았음.
스토어웨이,7,너무 긴 러닝타임.. 러닝타임이 반으로 줄었다면 좀 더 강렬한 인상을 남겼을지도 모른다고 생각이 듭니다. 중간중간의 스릴감과 마지막 장면의 음악과 영상미가 상당히 좋았습니다. 차근차근 긴장을 조여왔으나 결말을 보고나서는 이렇게 까지 조여올 필요가 있었나 할 정도로 허무합니다..
내일의 기억,1,죽다 살아난 환자가 의식이 깨는데 화장을 하고 있음. 여주인공의 갑질을 엿볼 수 있었음.
낙원의 밤,4,Cg 너무 조잡스럽다 90년대 말 미국영화 수준.
극장판 귀멸의 칼날: 무한열차편,8,만화자체의 필연성이나 개연성은 깊이가 얕은 느낌이지만 영상미나 시각적인 즐거움이 있습니다.
벌새,10,잘 그려낸 성장드라마. 그때는 왜 모든게 서툴고 어렵고 불안정했을까...
자산어보,10,최고의 한국영화!!설경구님과 변요한님의 환상의 밀당 놓치지 마세요~^^
극장판 귀멸의 칼날: 무한열차편,10,와씨....꼭 보삼.진짜...레전드의 영화 한편 찍었다
끝까지 간다,10,
내일의 기억,2,서예지 옹호하는 감독때문에 별 1개 뺐네요.
신세계,10,
공조,10,
미나리,6,"(스포 아주 살짝) 감동 지수는 전혀 없습니다. 오히려 저는 막판 할머니의 무책임한 실수에 화가 치밀어 올랐습니다. 분명히 집에 있으라고 했는데 아무리 병이라고 해도 그렇지 그렇게 무책임하게 다 망쳐버리고.... 이렇게 화가 치밀어 오른건 처음이었습니다. 그런데 여기서 포인트입니다. 화가 치밀어 오를 정도로 ""할머니의 연기력만은 세계탑 레벨"" 맞았습니다.아직도 미국 이민 생활에 대한 미련을 가지고 계신 분들을 저는 많이 보고 있는데, 유학 다녀온 저로써는 오랜만에 되돌아볼 수 있는 좋은 시간이었습니다. 이 영화를 보고 미국 환상을 깨어버리고 현재 본인의 나라인 대한민국이 얼마나 좋은지를 실감하세요"
퍼펙트 케어,10,화딱지 나지만 꿀잼탱임. 강추
소년시절의 너,1,일말의 가치없는
미나리,6,윤여정 연기가 아카데미상을 줄만한건지 난 잘 모르겠다. 더 모르겠는건 십자가멘 미국 아저씨하고 결말에 왜 불난건지...미쿡인 취향인가?
더 버터플라이,7,약간은 유치한 시나리오...
미션 파서블,8,계속킥킥거리며보다가김영광의기럭지에감동
내 생애 가장 아름다운 일주일,10,행복하다. 그리고 배우들이 엄청 젊다.
궁합,4,"재미, 감동, 연기 다 별로."
나소흑전기: 첫만남편,1,친구랑 다녀왔는데 정말 솔직히 별로더군요...ㅠㅠ
미나리,2,정말 잘잤어요^-^ 그래도 미나리 응원합니다.
범털,9,독립영화 특유의 어색함은 있으나 킬링타임용으로 볼만함
벌새,6,오빠가 여동생 때리는거보는데 OO욕나옴 오빠있는 여동생은 다공감하려나
위대한 쇼맨,10,가슴벅찬 멜로디와 연출로 손에 꼽는 진짜 내 인생 영화.아직도 안본 이가 있다면 말하고 싶다.이걸 아직도 왜 본거지?
프레셔스,8,역경을 딛고 끗꾸싸게 자신의 삶을 개척하는 소녀의 의지가 감동이었슴
스토어웨이,3,감독을 줘 패고 싶어지는 영화 a급 쟁쟁한 배우들 데려다가 폐기물을 생산하다니
자산어보,10,흑백영화가 오히려 더 컬러풀하다는 착각마저 듭니다.
내일의 기억,2,고친사람이 잘못이라는 서유민 감독. 이건 흡사 때린사람 문제가 아닌 맞은 사람이 잘못했다는 것과 똑같은 말인데...이런 감독과 배우라니..
스토어웨이,4,재미도 없고 감동도 없고 참.. 3인용보트에 세사람이 타고가다가 물에빠진 사람때문에 한명 자살하고 그자리에 물에빠진 사람태우는 영화임
구원,1,내아까운 영화비 + 시간  구원받고싶다
괴물들,1,"진심 왜 만들었냐 돈이 아깝고 배우들이 아깝다 좋아하는 배우 나왔길래 기쁜 마음으로 끝까지 보려했는데 기쁘긴 개뿔 중간 넘어가서부턴 불쾌했고 1시간 이후로부턴 도저히 못 보겠어서 껐음 이따구로 만들바에 내가 영화 감독하는 게 결과물이 더 갚지겠단 생각 처음으로 들었음 열심히 촬영에 임한 배우들과 스탭들, 이거 만드려고 애쓴 모든 사람들에게 사죄해라"
내일의 기억,1,싸이코가 잘나가는 꼴은 볼수 없지
내일의 기억,1,서예지가 나온 영화는 바로 걸러야지
러브 앤 몬스터스,8,그래서 빨간드레스 정체가 뭔데?
스토어웨이,1,뭘 이야기하고 싶었던 거지??
스토어웨이,6,로스트 이후 오랜만에 보는 꽈찌쭈형. 이형 여전히 햄보칼수가 없네.
머큐리,9,
고스트 쉽,8,
82년생 김지영,1,쓰레기영화  너무 극단적임 개노잼
내일의 기억,1,
청년경찰,10,와... 거의 두 시간이 한 시간처럼 보이는 매직!보는내내 그냥 광대승천이다ㅋㅋ 박서준과 강하늘 역쉬 캐미 짱^^ㅋㅋㅋ
악질경찰,1,세월호를 왜 등장시키지? 대깨가 만들었나?
퍼펙트 케어,8,독한X 죽지도 않네? 아니네
어른들은 몰라요,8,보다가 눈물이 차올랐습니다.보호자가 없는 아이들의 세상이 너무 안타깝고 불쌍해서입니다.극한의 고통에서 엄마를 부르지 못하는 상황은 어른들의 역할을 다시한번 생각하게 합니다.이유미 배우의 연기는 볼때마다 놀랍고 새롭습니다.
미나리,4,재미없어요 재미없어요
내일의 기억,6,광명롯시] 양산형 스릴러 영화 느낌이었고 아쉬움도 컸다. 반전을 의식한 거겠지만 일부러 이야기를 뒤죽 박죽 섞어서 관객도 헷갈릴거 같고 반전이 와도 피식 거리게 된다. 유명배우들이 출연하지만 전체적으로 뭔가 썰렁하고 저 예산 스러운 느낌도 들었다.
7년의 밤,6,
미나리,1,어제 저녁 가족이랑 보고왔는데 솔직히 그저그렇다고 느껴지네요..ㅠㅠ
살아남은 아이,9,그의 행실은 '우리' 라고 표현하기엔 너무도 어색했다.
아수라도,1,ㅎㅎ 완전재미없어용 이게 극장판이라니말이안됭
코스믹 씬,1,브루스 윌리스의 흑역사가 될 작품
감시자들,10,연출이 진짜 대단핬다ㅋ
미나리,8,지극히 공감가는 이야기...할머니 아버지 어머니 이야기...힘들었던 시절... 보이는 것이 보이지 않는 것보다 덜 위험하단다... 그래 눈앞에 보이는 위험은 피할수 있고 극복할수 있다...
내일의 기억,2,세예지 나오네;;거른다
숨바꼭질,1,어릴때 봤을땐 무섭게본거 같은데 내용기억안나서 다시본건데 개 발암..각본을 ㅇㅓ떻게 이렇게짰지? 아들딸부터 발암... 손현주네 가족은 범죄자임? 왜 경찰에 신고를 못함??
서복,8,차라리 2편으로 나누었다면 좋을 영화사는것과 죽는것에 대한 복잡한 감정을 너무 표현해준 배우들오늘도 살고있다는 것잠들면 깨어난다는 확신을 갖고 사는것 당연하게 여기던 것들을 평범하지 않게 비난 받은거 같다
모탈 컴뱃,1,C급도 안되는 스토리. 대신 택한 액션도 90년대 B급 영화에서 그래픽만 좋아진 느낌. 전체적으로 쓰레기라고 평하기도 아까운영화
무협,7,이영화는 도입부가 진짜 죽입니다.중반까지도 재밌어요.엔딩이 별로에요.차라리 실컷 싸우고나서 마지막에 견자단이 겨우겨우 이기고 아버지앞에서 팔을 잘라버리면서 72파가 견자단을 떠나는 결론이 낫지않았을까..
내일의 기억,2,배우들 연기는 잘하는데 스토리가 구려 추리할 것도 없음 너무 뻔해서
트랜스포터 - 라스트 미션,2,주근깨 여주 패블고싶다
더블패티,1,김태균 아니에요?
패닉 룸,6,결말이 너무 시시함.... 내가 이해한게 맞나 하고 인터넷에 찾아봤는데 본대로가 맞음..
극한직업,7,그냥 시간남아돌면 볼만함
반드시 잡는다,2,"작가, 감독 얼굴 좀 보고 싶다. 이것도 영화라고..."
섬,1,애들볼까무섭다. 예비성범죄자 만들기딱이다인생ㅈ된다고.남의집귀한딸도망쳐놓고.
머니볼,9,야구는 사랑할 수 밖에 없는 스포츠! 머니볼은 감동받을 수 밖에 없는 영화! 그냥 드라마를 즐겨요.
두 남자,1,새벽에 잠안와서 보긴봤다만.. 정말 최악이네 그냥 본시간이 아깝다
내일의 기억,10,이번년도 들어서 본 영화 중 가장 몰입해서 본 것 같다.
내가 살인범이다,4,답답한 영화임. ㅋㅋ 사람들 하는 짓들이 사람 하나 못잡고 계속 놔줌 ㅋ 그냥 영화처럼 만든 영화. 이건 코미디도 아니고 스릴러도 아니고 뭣도 아님. 스토리에 개연성도 별로 없고 인물들 간에도 느슨함. 왜 나오는지 모르겠는 인물들도 많음. 반전이다 뭐다 하지만 누가봐도 뻔한 반전임.
초속5센티미터,10,
베스트 오퍼,9,절대 스마트 폰으로 보아선 안될 영화
스토어웨이,8,"우주괴물이 나올까?아님 정신분열 일으키는 미치광이 우주비행사가 나올까?다행히 그러지않았다.기존 우주영화스토리와 달라서 좋았던,뻔하고 식상한스토리가 아니라서 좋았던 잔잔한영화.확률은 지극히 낮겠지만 의도치않았던동행의 비훈련자 마이클, 나이팅게일 닥터 조이, 하바드출신의 막중한 화성임무를 가진 과학자 데이비드킴, 항해와 모든걸책임져야하는 캡틴 선장.최선의선택인듯. 살인과 이기심이 난무했다면 재미없었을듯.그런우주영화는많으니까"
랭고,10,"그래픽, 사운드, 케릭터, 스토리, 연출, 메세지, 연기 모든것이 완벽하다 서부장르의 감성을 동물케릭터들의 특징을 활용하여 극한까지 표현했고 세밀한 디테일적인 연출까지 모든게 정말 완벽하다"
렛 힘 고,7,배대슈 돈옵져랑 캐스팅이 겹치지만 전혀 다른 느낌의 영화...케빈옹 정말
모탈 컴뱃,1,광고에서 액션신 다 보여줌~~~!!! 기대가 크면 실망도 큼
프라미스드 랜드,8,도람뿌가 싫어할만함
구원,2,감독아 영화제목에 1원을 더한게 니 영화 값어치다
브라이트,3,이거 좀 심각함 별높게 준거임 ㅋㅋ 차라리 드라마로 나왔어야함
범털,10,눈이낮은가..즐겁게봤는데요.
판도라,10,대한민국 재난영화도 헐리웃을 뛰어넘을수 있음을 보여준다.강추
구원,3,시작은 괜찮은듯했으나 끌고가는 힘이 없다
내일의 기억,6,극 진행하면서 몇가지 헛점이 보이지만 배우들의 연기가 그것들을 잘 감춰주는편
범털,10,이영화를보고   시력이 좋아졌네요
킹 오브 프리즘 올 스타즈 -프리즘 쇼☆베스트10-,10,
낙원의 밤,8,엄태구의 카리스마는 인정해야함전여빈 연기 잘함제주도를 잘 살려낸 연출 좋았다 마지막 너무 시원했음
킹 오브 프리즘 -샤이니 세븐 스타즈-,10,
버닝,10,이사람들은 왜 만나는걸까? 모호해질때.. 인간들끼리 만나는 이유가 다 거기서 거기지. 난 내것만 책임지면 된다는걸 떠올리게 해주는 영화.남자 둘 앞에서 웃통 벗은 여자. 친구에게 SOS 쳤던거같다. 구해줘야지.
괴물들,1,이영화 보고나서 기분만 더러워졌습니다
명탐정 코난: 비색의 탄환,9,조금 억지스러운 부분들도 있긴한데 완전 재밌게 봤어요
박쥐,9,"악마의 시험(욕망)을 이기고 남을 구원한 예수, 김옥빈의 요구와 그녀와의 욕망을 이기지 못하고 남의 구원은 커녕 자신의 쾌락과 파멸을 선택한 성직자 송강호. 두 성자의 서로 다른 선택과 결과"
상류사회,1,배우들은 도대체 왜 주홍글씨를 보고도 이감독의 영화에 출연하려하는건가..찝찝하고 기분나쁜영화
러브 어페어,10,"사랑과 인생의 가치에 대해,혹은 진정한 아름다운 영화가 무엇인지.그런 것들에 대한 해답을 주는 영화."
미나리,8,"누군가에게는 잔잔하고, 누군가에게는 잔인하다....하지만 누구나 인생은 파란만장하다..."
죽여주는 여자,10,
007 살인면허,10,빌런이 확실히 인상저그로 사악해보임.. 스케일도 커져서 쾅쾅 터지는 액션도 볼만함...본드걸들이 진짜 예쁘고 매력적임
서복,1,기대이하 팬들만 찬양하는 영화 속지마세요
계춘할망,10,찐감동 !!!  한번더 보고싶다
고질라 VS. 콩,7,역시 거대괴수물은 IMAX!
나의 첫 번째 슈퍼스타,7,배우들보느라 지루한줄모르고 본게다임.. 기승전이 없는 각본. 설마 그건아니었으면 했던 결. 마무리음악이좋았다. 기존에 알던 프로듀싱 영화는아닌걸로.
홈,10,아... 너무 아이가 불쌍해 너무 슬퍼요
미나리,7,같은 민족이여서 느낄 수 있는 감정이 있는거같다. 영화를 보는데 어느 순간 눈가에 눈물이 맺혀있었다.
이제 그만 끝낼까 해,2,이젠 혼내줄까해.. 왐마..
미나리,10,이 영화의 존재와 행보 전체가 경이로운 아이러니 가득
잭 스나이더의 저스티스 리그,4,몽땅 보여줬다고해서 그 떼깔이 달라지는 건 아니다
특종: 량첸살인기,1,ㅋㅋ 잘보고 있다가 마누라 홀몸도 아닌데 저런 음흉한곳에 혼자간다고요??? 어느 ㅁㅊ여자가 뱃속에 애기있는데 혼자 저런곳에 가나요..  현실성없어..
낙원의 밤,10,"재미없다는 평점때문에 존나 재밌는 영화를 안볼뻔했네..나중에 보는 사람들한테 스포될까봐 긴말은 안하지만 액션, 느와르 좋아하는 사람들은 아니 그냥 남자들은 꼭 보길 ㅋㅋㅋ"
낙원의 밤,8,막 엄청나진 않은데 느와르 좋아하시는 분들은 그럭저럭 꽤 볼만한거 같음 근데 신세계 감독 맞나 싶을 정도로 영화 끝나고 별로 남는게 없음 스토리도 좀 떨어지고 확실히 기대했던 것보다는 아쉬움 다만 마지막 10분은 진짜 압권이었다 혼자 다 쓸어버리는데 너무 사이다였음
더 파더,10,시간이 흘러 시들어 갈지라도 부디 그 잎은 떨어지지 않기를
침묵,4,왜이러는겨 대체 말이.
노매드랜드,7,너무 외롭고 슬퍼보이지만 그 안에 희망도 있다..프란시스 맥도맨드의 연기는 좋다
원더,9,식상할거라고 생각하고 봤는데 결코 아니었다. 중간중간 콧잔등이 시큰거리는 의도치않은 뭉클함이 신비로웠다
아수라도,1,매우매우 심각....
맨홀,2,답답하다 영화 보지마라 진짜
"괜찮아요, 미스터 브래드",10,올해 본 내 최고의 영화가 될듯하다.왠지 지루할것 같아서 플레이 버튼 누르는데만 몇달이 걸렸는데 호주머니속 5만원 지폐를 발견한 기분이다. 대사 한마디 한마디가 주옥같았고 벤스틸러의 연기는 더할나위없이 훌륭했다. 자존감바닥이었던 요즘 '나의 나날들'을 위로하듯 러닝타임이 흘러가는게 신기했다. 위모레스크의 선율에 흘러내리는 브래드의 눈물이 내 감정을 대신하는것 같아서 그 또한 벅차다. 나에겐 최고다 이 영화.
불어라 검풍아,10,나쁘지 않습니다 볼만해요
아름다운 세상을 위하여,10,20년 만에 봐도 감동적이네요. 서른이 다 된 지금 더 감동적이고 참 좋은 영화라는 생각이...
특종: 량첸살인기,1,조정석은 연기도 별로인데 왜 주연으로 발탁되는지 모르겠네
명량,1,감독이 이순신장군님의 업적을 훼손하고 폄하하기 위해 만든 영화. 이순신장군님이 위대한 지장으로 유명한것이 전략으로 수많은해전을 이기고도 전사자수가 극히적었다는점인데 개노답 백병전 연발? 미친건가진짜 보다가 역해서 끔
소년시절의 너,10,
소년시절의 너,8,장르가 멜로보다는 느와르에 가까운것같은.. 영화가 내내 무겁네요. 사랑이나 감동보다는 사회적 경각심에 포커스가 맞춰져있네요.
82년생 김지영,4,영화 속 김지영 정도의 삶이면 행복한거다따뜻한 남편 안정적인 가정물론 육아 시댁은 지긋지긋하지만 저정도면 양반
호문쿨루스,1,일본과 일본인의 사상을 잘 표현한 영화
미나리,4,우리는 줄곧 무엇을 위해 사는가 잊고 지낸다.
서복,2,최고의 배우와 최악의 연출
더 파더,10,보통 제3자의 시선에서 치매를 바라보는데 이건 1인칭 시점.. 슬프다 나중에 부모님이 이렇게 되시면ㅠㅠ
아쿠아맨,8,조니뎁 매장시킨 쉬렉이 좋다는 인간들은 뭐지? 처음 볼때부터 재수없게 생겼드만
